{
    "name": "root",
    "gauges": {
        "CheeseWorld7.Policy.Entropy.mean": {
            "value": 2.170809268951416,
            "min": 2.170809268951416,
            "max": 4.79488468170166,
            "count": 51
        },
        "CheeseWorld7.Policy.Entropy.sum": {
            "value": 4102.82958984375,
            "min": 3840.33447265625,
            "max": 10217.685546875,
            "count": 51
        },
        "CheeseWorld7.Environment.EpisodeLength.mean": {
            "value": 9.8,
            "min": 9.8,
            "max": 15.488,
            "count": 51
        },
        "CheeseWorld7.Environment.EpisodeLength.sum": {
            "value": 1715.0,
            "min": 1535.0,
            "max": 2179.0,
            "count": 51
        },
        "CheeseWorld7.Step.mean": {
            "value": 101994.0,
            "min": 1996.0,
            "max": 101994.0,
            "count": 51
        },
        "CheeseWorld7.Step.sum": {
            "value": 101994.0,
            "min": 1996.0,
            "max": 101994.0,
            "count": 51
        },
        "CheeseWorld7.Policy.ExtrinsicValueEstimate.mean": {
            "value": 180.3728790283203,
            "min": -16.85402488708496,
            "max": 180.3728790283203,
            "count": 51
        },
        "CheeseWorld7.Policy.ExtrinsicValueEstimate.sum": {
            "value": 32647.4921875,
            "min": -2089.899169921875,
            "max": 32724.078125,
            "count": 51
        },
        "CheeseWorld7.Environment.CumulativeReward.mean": {
            "value": 117.12154696132596,
            "min": -263.3636363636364,
            "max": 118.84065934065934,
            "count": 51
        },
        "CheeseWorld7.Environment.CumulativeReward.sum": {
            "value": 21199.0,
            "min": -31867.0,
            "max": 21629.0,
            "count": 51
        },
        "CheeseWorld7.Policy.ExtrinsicReward.mean": {
            "value": 117.12154696132596,
            "min": -263.3636363636364,
            "max": 118.84065934065934,
            "count": 51
        },
        "CheeseWorld7.Policy.ExtrinsicReward.sum": {
            "value": 21199.0,
            "min": -31867.0,
            "max": 21629.0,
            "count": 51
        },
        "CheeseWorld7.IsTraining.mean": {
            "value": 1.0,
            "min": 1.0,
            "max": 1.0,
            "count": 51
        },
        "CheeseWorld7.IsTraining.sum": {
            "value": 1.0,
            "min": 1.0,
            "max": 1.0,
            "count": 51
        },
        "CheeseWorld7.Losses.PolicyLoss.mean": {
            "value": 0.06990549479629479,
            "min": 0.05807460148475672,
            "max": 0.08422394955129016,
            "count": 45
        },
        "CheeseWorld7.Losses.PolicyLoss.sum": {
            "value": 0.06990549479629479,
            "min": 0.05807460148475672,
            "max": 0.08422394955129016,
            "count": 45
        },
        "CheeseWorld7.Losses.ValueLoss.mean": {
            "value": 531.2084990856695,
            "min": 531.2084990856695,
            "max": 25038.58378092448,
            "count": 45
        },
        "CheeseWorld7.Losses.ValueLoss.sum": {
            "value": 531.2084990856695,
            "min": 531.2084990856695,
            "max": 25038.58378092448,
            "count": 45
        },
        "CheeseWorld7.Policy.LearningRate.mean": {
            "value": 0.00022358852547050005,
            "min": 0.00022358852547050005,
            "max": 0.00029845425051524996,
            "count": 45
        },
        "CheeseWorld7.Policy.LearningRate.sum": {
            "value": 0.00022358852547050005,
            "min": 0.00022358852547050005,
            "max": 0.00029845425051524996,
            "count": 45
        },
        "CheeseWorld7.Policy.Epsilon.mean": {
            "value": 0.1745295,
            "min": 0.1745295,
            "max": 0.19948475000000002,
            "count": 45
        },
        "CheeseWorld7.Policy.Epsilon.sum": {
            "value": 0.1745295,
            "min": 0.1745295,
            "max": 0.19948475000000002,
            "count": 45
        },
        "CheeseWorld7.Policy.Beta.mean": {
            "value": 0.00745549705,
            "min": 0.00745549705,
            "max": 0.009948526525000001,
            "count": 45
        },
        "CheeseWorld7.Policy.Beta.sum": {
            "value": 0.00745549705,
            "min": 0.00745549705,
            "max": 0.009948526525000001,
            "count": 45
        }
    },
    "metadata": {
        "timer_format_version": "0.1.0",
        "start_time_seconds": "1714634452",
        "python_version": "3.8.18 (default, Sep 11 2023, 13:39:12) [MSC v.1916 64 bit (AMD64)]",
        "command_line_arguments": "D:\\Application\\Miniconda\\envs\\ml-agents\\Scripts\\mlagents-learn ./default-config.yaml --run-id=CheeseWorld7",
        "mlagents_version": "0.27.0",
        "mlagents_envs_version": "0.27.0",
        "communication_protocol_version": "1.5.0",
        "pytorch_version": "2.0.0+cu117",
        "numpy_version": "1.20.0",
        "end_time_seconds": "1714634568"
    },
    "total": 116.2542076,
    "count": 1,
    "self": 0.006028900000018211,
    "children": {
        "run_training.setup": {
            "total": 0.1802687999999999,
            "count": 1,
            "self": 0.1802687999999999
        },
        "TrainerController.start_learning": {
            "total": 116.06790989999999,
            "count": 1,
            "self": 0.11282269999945527,
            "children": {
                "TrainerController._reset_env": {
                    "total": 8.0516652,
                    "count": 1,
                    "self": 8.0516652
                },
                "TrainerController.advance": {
                    "total": 107.78691220000053,
                    "count": 5468,
                    "self": 0.11043530000021917,
                    "children": {
                        "env_step": {
                            "total": 65.91670010000045,
                            "count": 5468,
                            "self": 57.86941039999987,
                            "children": {
                                "SubprocessEnvManager._take_step": {
                                    "total": 7.972184600000476,
                                    "count": 5468,
                                    "self": 0.30166209999996774,
                                    "children": {
                                        "TorchPolicy.evaluate": {
                                            "total": 7.670522500000509,
                                            "count": 5165,
                                            "self": 1.592355500000071,
                                            "children": {
                                                "TorchPolicy.sample_actions": {
                                                    "total": 6.0781670000004375,
                                                    "count": 5165,
                                                    "self": 6.0781670000004375
                                                }
                                            }
                                        }
                                    }
                                },
                                "workers": {
                                    "total": 0.0751051000001084,
                                    "count": 5467,
                                    "self": 0.0,
                                    "children": {
                                        "worker_root": {
                                            "total": 107.77555639999977,
                                            "count": 5467,
                                            "is_parallel": true,
                                            "self": 58.26878320000009,