{
    "name": "root",
    "gauges": {
        "ThiefLearn1.Policy.Entropy.mean": {
            "value": 3.187694549560547,
            "min": 3.187694549560547,
            "max": 4.603755474090576,
            "count": 8
        },
        "ThiefLearn1.Policy.Entropy.sum": {
            "value": 6375.38916015625,
            "min": 6375.38916015625,
            "max": 9681.697265625,
            "count": 8
        },
        "ThiefLearn1.Environment.EpisodeLength.mean": {
            "value": 0.5499612703330752,
            "min": 0.5499612703330752,
            "max": 9.266666666666667,
            "count": 8
        },
        "ThiefLearn1.Environment.EpisodeLength.sum": {
            "value": 710.0,
            "min": 710.0,
            "max": 1807.0,
            "count": 8
        },
        "ThiefLearn1.Step.mean": {
            "value": 15999.0,
            "min": 1979.0,
            "max": 15999.0,
            "count": 8
        },
        "ThiefLearn1.Step.sum": {
            "value": 15999.0,
            "min": 1979.0,
            "max": 15999.0,
            "count": 8
        },
        "ThiefLearn1.Policy.ExtrinsicValueEstimate.mean": {
            "value": 97.96482849121094,
            "min": -2.6064393520355225,
            "max": 97.96482849121094,
            "count": 8
        },
        "ThiefLearn1.Policy.ExtrinsicValueEstimate.sum": {
            "value": 126472.59375,
            "min": -505.64923095703125,
            "max": 126472.59375,
            "count": 8
        },
        "ThiefLearn1.Environment.CumulativeReward.mean": {
            "value": 98.8861347792409,
            "min": 55.24226804123711,
            "max": 98.8861347792409,
            "count": 8
        },
        "ThiefLearn1.Environment.CumulativeReward.sum": {
            "value": 127662.0,
            "min": 10717.0,
            "max": 127662.0,
            "count": 8
        },
        "ThiefLearn1.Policy.ExtrinsicReward.mean": {
            "value": 98.8861347792409,
            "min": 55.24226804123711,
            "max": 98.8861347792409,
            "count": 8
        },
        "ThiefLearn1.Policy.ExtrinsicReward.sum": {
            "value": 127662.0,
            "min": 10717.0,
            "max": 127662.0,
            "count": 8
        },
        "ThiefLearn1.IsTraining.mean": {
            "value": 1.0,
            "min": 1.0,
            "max": 1.0,
            "count": 8
        },
        "ThiefLearn1.IsTraining.sum": {
            "value": 1.0,
            "min": 1.0,
            "max": 1.0,
            "count": 8
        },
        "ThiefLearn1.Losses.PolicyLoss.mean": {
            "value": 0.07542160976057251,
            "min": 0.07013325643492863,
            "max": 0.0848467568672883,
            "count": 7
        },
        "ThiefLearn1.Losses.PolicyLoss.sum": {
            "value": 0.07542160976057251,
            "min": 0.07013325643492863,
            "max": 0.0848467568672883,
            "count": 7
        },
        "ThiefLearn1.Losses.ValueLoss.mean": {
            "value": 3.6553770204385123,
            "min": 3.6553770204385123,
            "max": 2850.407541910807,
            "count": 7
        },
        "ThiefLearn1.Losses.ValueLoss.sum": {
            "value": 3.6553770204385123,
            "min": 3.6553770204385123,
            "max": 2850.407541910807,
            "count": 7
        },
        "ThiefLearn1.Policy.LearningRate.mean": {
            "value": 0.00028922775359075005,
            "min": 0.00028922775359075005,
            "max": 0.00029845275051575,
            "count": 7
        },
        "ThiefLearn1.Policy.LearningRate.sum": {
            "value": 0.00028922775359075005,
            "min": 0.00028922775359075005,
            "max": 0.00029845275051575,
            "count": 7
        },
        "ThiefLearn1.Policy.Epsilon.mean": {
            "value": 0.19640925,
            "min": 0.19640925,
            "max": 0.19948425,
            "count": 7
        },
        "ThiefLearn1.Policy.Epsilon.sum": {
            "value": 0.19640925,
            "min": 0.19640925,
            "max": 0.19948425,
            "count": 7
        },
        "ThiefLearn1.Policy.Beta.mean": {
            "value": 0.009641284075000001,
            "min": 0.009641284075000001,
            "max": 0.009948476575000002,
            "count": 7
        },
        "ThiefLearn1.Policy.Beta.sum": {
            "value": 0.009641284075000001,
            "min": 0.009641284075000001,
            "max": 0.009948476575000002,
            "count": 7
        }
    },
    "metadata": {
        "timer_format_version": "0.1.0",
        "start_time_seconds": "1711448340",
        "python_version": "3.8.18 (default, Sep 11 2023, 13:39:12) [MSC v.1916 64 bit (AMD64)]",
        "command_line_arguments": "D:\\Application\\Miniconda\\envs\\ml-agents\\Scripts\\mlagents-learn ./default-config.yaml --run-id=ThiefLearn1",
        "mlagents_version": "0.27.0",
        "mlagents_envs_version": "0.27.0",
        "communication_protocol_version": "1.5.0",
        "pytorch_version": "2.0.0+cu117",
        "numpy_version": "1.20.0",
        "end_time_seconds": "1711448488"
    },
    "total": 147.5926709,
    "count": 1,
    "self": 0.005970499999989443,
    "children": {
        "run_training.setup": {
            "total": 0.185813,
            "count": 1,
            "self": 0.185813
        },
        "TrainerController.start_learning": {
            "total": 147.40088740000002,
            "count": 1,
            "self": 0.3488195000003316,
            "children": {
                "TrainerController._reset_env": {
                    "total": 6.4033079,
                    "count": 1,
                    "self": 6.4033079
                },
                "TrainerController.advance": {
                    "total": 140.52100499999972,
                    "count": 16314,
                    "self": 0.32459089999991875,
                    "children": {
                        "env_step": {
                            "total": 124.01419269999992,
                            "count": 16314,
                            "self": 102.02860660000054,
                            "children": {
                                "SubprocessEnvManager._take_step": {
                                    "total": 21.76756989999984,
                                    "count": 16314,
                                    "self": 0.7122404999998686,
                                    "children": {
                                        "TorchPolicy.evaluate": {
                                            "total": 21.055329399999973,
                                            "count": 16314,
                                            "self": 4.437920099999882,
                                            "children": {
                                                "TorchPolicy.sample_actions": {
                                                    "total": 16.61740930000009,
                                                    "count": 16314,
                                                    "self": 16.61740930000009
                                                }
                                            }
                                        }
                                    }
                                },
                                "workers": {
                                    "total": 0.21801619999953736,
                                    "count": 16313,
                                    "self": 0.0,
                                    "children": {
                                        "worker_root": {
                                            "total": 140.52075300000013,
                                            "count": 16313,
                                            "is_parallel": true,
                                            "self": 52.06256020000059,