{
    "name": "root",
    "gauges": {
        "ThiefLearn1.Policy.Entropy.mean": {
            "value": 2.340747117996216,
            "min": 2.29424786567688,
            "max": 3.9176838397979736,
            "count": 29
        },
        "ThiefLearn1.Policy.Entropy.sum": {
            "value": 4641.70166015625,
            "min": 4560.96484375,
            "max": 7786.9326171875,
            "count": 29
        },
        "ThiefLearn1.Environment.EpisodeLength.mean": {
            "value": 5.211180124223603,
            "min": 3.5522727272727272,
            "max": 5.211180124223603,
            "count": 29
        },
        "ThiefLearn1.Environment.EpisodeLength.sum": {
            "value": 1678.0,
            "min": 972.0,
            "max": 1678.0,
            "count": 29
        },
        "ThiefLearn1.Step.mean": {
            "value": 87997.0,
            "min": 31994.0,
            "max": 87997.0,
            "count": 29
        },
        "ThiefLearn1.Step.sum": {
            "value": 87997.0,
            "min": 31994.0,
            "max": 87997.0,
            "count": 29
        },
        "ThiefLearn1.Policy.ExtrinsicValueEstimate.mean": {
            "value": 154.67794799804688,
            "min": 71.91761779785156,
            "max": 155.2123565673828,
            "count": 29
        },
        "ThiefLearn1.Policy.ExtrinsicValueEstimate.sum": {
            "value": 49806.30078125,
            "min": 18482.828125,
            "max": 51043.0390625,
            "count": 29
        },
        "ThiefLearn1.Environment.CumulativeReward.mean": {
            "value": 208.87887931018142,
            "min": 100.66865025976753,
            "max": 208.87887931018142,
            "count": 29
        },
        "ThiefLearn1.Environment.CumulativeReward.sum": {
            "value": 67258.99913787842,
            "min": 25871.843116760254,
            "max": 68352.58966827393,
            "count": 29
        },
        "ThiefLearn1.Policy.ExtrinsicReward.mean": {
            "value": 208.87887931018142,
            "min": 100.66865025976753,
            "max": 208.87887931018142,
            "count": 29
        },
        "ThiefLearn1.Policy.ExtrinsicReward.sum": {
            "value": 67258.99913787842,
            "min": 25871.843116760254,
            "max": 68352.58966827393,
            "count": 29
        },
        "ThiefLearn1.IsTraining.mean": {
            "value": 1.0,
            "min": 1.0,
            "max": 1.0,
            "count": 29
        },
        "ThiefLearn1.IsTraining.sum": {
            "value": 1.0,
            "min": 1.0,
            "max": 1.0,
            "count": 29
        },
        "ThiefLearn1.Losses.PolicyLoss.mean": {
            "value": 0.07971209737782677,
            "min": 0.057964502353570424,
            "max": 0.09108749134854104,
            "count": 27
        },
        "ThiefLearn1.Losses.PolicyLoss.sum": {
            "value": 0.07971209737782677,
            "min": 0.057964502353570424,
            "max": 0.09108749134854104,
            "count": 27
        },
        "ThiefLearn1.Losses.ValueLoss.mean": {
            "value": 200.96566200256348,
            "min": 153.7152419090271,
            "max": 1551.691068013509,
            "count": 27
        },
        "ThiefLearn1.Losses.ValueLoss.sum": {
            "value": 200.96566200256348,
            "min": 153.7152419090271,
            "max": 1551.691068013509,
            "count": 27
        },
        "ThiefLearn1.Policy.LearningRate.mean": {
            "value": 0.00023537327154225001,
            "min": 0.00023537327154225001,
            "max": 0.00027538425820525,
            "count": 27
        },
        "ThiefLearn1.Policy.LearningRate.sum": {
            "value": 0.00023537327154225001,
            "min": 0.00023537327154225001,
            "max": 0.00027538425820525,
            "count": 27
        },
        "ThiefLearn1.Policy.Epsilon.mean": {
            "value": 0.17845775,
            "min": 0.17845775,
            "max": 0.19179475,
            "count": 27
        },
        "ThiefLearn1.Policy.Epsilon.sum": {
            "value": 0.17845775,
            "min": 0.17845775,
            "max": 0.19179475,
            "count": 27
        },
        "ThiefLearn1.Policy.Beta.mean": {
            "value": 0.007847929225000001,
            "min": 0.007847929225000001,
            "max": 0.009180295525,
            "count": 27
        },
        "ThiefLearn1.Policy.Beta.sum": {
            "value": 0.007847929225000001,
            "min": 0.007847929225000001,
            "max": 0.009180295525,
            "count": 27
        }
    },
    "metadata": {
        "timer_format_version": "0.1.0",
        "start_time_seconds": "1711456460",
        "python_version": "3.8.18 (default, Sep 11 2023, 13:39:12) [MSC v.1916 64 bit (AMD64)]",
        "command_line_arguments": "D:\\Application\\Miniconda\\envs\\ml-agents\\Scripts\\mlagents-learn ./default-config.yaml --run-id=ThiefLearn1 --resume",
        "mlagents_version": "0.27.0",
        "mlagents_envs_version": "0.27.0",
        "communication_protocol_version": "1.5.0",
        "pytorch_version": "2.0.0+cu117",
        "numpy_version": "1.20.0",
        "end_time_seconds": "1711456825"
    },
    "total": 365.0916531,
    "count": 1,
    "self": 0.0065797999999404055,
    "children": {
        "run_training.setup": {
            "total": 0.19867999999999997,
            "count": 1,
            "self": 0.19867999999999997
        },
        "TrainerController.start_learning": {
            "total": 364.8863933,
            "count": 1,
            "self": 1.050011299997152,
            "children": {
                "TrainerController._reset_env": {
                    "total": 7.6167677000000005,
                    "count": 1,
                    "self": 7.6167677000000005
                },
                "TrainerController.advance": {
                    "total": 356.10135400000286,
                    "count": 51894,
                    "self": 0.9771759999956657,
                    "children": {
                        "env_step": {
                            "total": 315.96105180000325,
                            "count": 51894,
                            "self": 248.59416950000627,
                            "children": {
                                "SubprocessEnvManager._take_step": {
                                    "total": 66.68205800000084,
                                    "count": 51894,
                                    "self": 2.230763400001379,
                                    "children": {
                                        "TorchPolicy.evaluate": {
                                            "total": 64.45129459999946,
                                            "count": 51894,
                                            "self": 13.824973200000315,
                                            "children": {
                                                "TorchPolicy.sample_actions": {
                                                    "total": 50.62632139999914,
                                                    "count": 51894,
                                                    "self": 50.62632139999914
                                                }
                                            }
                                        }
                                    }
                                },
                                "workers": {
                                    "total": 0.6848242999961514,
                                    "count": 51893,
                                    "self": 0.0,
                                    "children": {
                                        "worker_root": {
                                            "total": 356.0459728000019,
                                            "count": 51893,
                                            "is_parallel": true,