{"count":1,"self":25.0241664,"total":27.715875399999998,"children":{"InitializeActuators":{"count":60,"self":0.0025007,"total":0.0025007,"children":null},"InitializeSensors":{"count":60,"self":0.0019963999999999997,"total":0.0019963999999999997,"children":null},"AgentSendState":{"count":2584,"self":0.0166253,"total":0.0681336,"children":{"CollectObservations":{"count":4245,"self":0.0031891999999999997,"total":0.0031891999999999997,"children":null},"WriteActionMask":{"count":4245,"self":0.0020312,"total":0.0020312,"children":null},"RequestDecision":{"count":4245,"self":0.0182587,"total":0.0462879,"children":{"AgentInfo.ToProto":{"count":4245,"self":0.0064947,"total":0.028029199999999997,"children":{"GenerateSensorData":{"count":4245,"self":0.021534499999999998,"total":0.021534499999999998,"children":null}}}}}}},"DecideAction":{"count":2584,"self":2.6005002,"total":2.6005002,"children":null},"AgentAct":{"count":2584,"self":0.015586599999999999,"total":0.015586599999999999,"children":null},"AgentInfo.ToProto":{"count":330,"self":0.0009975,"total":0.0019947999999999997,"children":{"GenerateSensorData":{"count":330,"self":0.0009973,"total":0.0009973,"children":null}}}},"gauges":{"CheeseWorld3.CumulativeReward":{"count":330,"max":-2.34999943,"min":-22.6999989,"runningAverage":-16.2001553,"value":-21.9499989,"weightedAverage":-17.7872353}},"metadata":{"timer_format_version":"0.1.0","start_time_seconds":"1711287698","unity_version":"2022.3.21f1","command_line_arguments":"D:\\Application\\Unity\\Unity Editor\\2022.3.21f1\\Editor\\Unity.exe -projectpath D:\\Files\\Develop\\Unity\\AI-Prototype1 -useHub -hubIPC -cloudEnvironment production -licensingIpc LicenseClient-won31080 -hubSessionId d4e7d9d1-6159-49db-95ce-487239ea4609 -accessToken f6GM8c2Il7U7XPdha3NaUaPoxec5biIA8A5Toc6fkx800df","communication_protocol_version":"1.5.0","com.unity.ml-agents_version":"2.0.1","scene_name":"GameScene","end_time_seconds":"1711287726"}}