{"count":1,"self":130.80355839999999,"total":362.6373731,"children":{"InitializeActuators":{"count":20,"self":0.0025583999999999997,"total":0.0025583999999999997,"children":null},"InitializeSensors":{"count":20,"self":0.0020009,"total":0.0020009,"children":null},"AgentSendState":{"count":255417,"self":0.3293759,"total":2.4789247,"children":{"CollectObservations":{"count":57736,"self":0.3742494,"total":0.3742494,"children":null},"WriteActionMask":{"count":57736,"self":0.0358825,"total":0.0358825,"children":null},"RequestDecision":{"count":57736,"self":0.2060222,"total":1.7394169,"children":{"AgentInfo.ToProto":{"count":57736,"self":0.16873559999999999,"total":1.5333946999999999,"children":{"GenerateSensorData":{"count":57736,"self":1.3646591,"total":1.3646591,"children":null}}}}}}},"DecideAction":{"count":255417,"self":227.72487679999998,"total":227.72488769999998,"children":null},"AgentAct":{"count":255417,"self":1.2968248999999998,"total":1.2968248999999998,"children":null},"AgentInfo.ToProto":{"count":10733,"self":0.0375054,"total":0.3286204,"children":{"GenerateSensorData":{"count":10733,"self":0.291115,"total":0.291115,"children":null}}}},"gauges":{"ThiefLearn1.CumulativeReward":{"count":10733,"max":289.376556,"min":-80.12433,"runningAverage":165.586578,"value":244.5717,"weightedAverage":222.07254}},"metadata":{"timer_format_version":"0.1.0","start_time_seconds":"1711456467","unity_version":"2022.3.21f1","command_line_arguments":"D:\\Application\\Unity\\Unity Editor\\2022.3.21f1\\Editor\\Unity.exe -projectpath D:\\Files\\Develop\\Unity\\AI-Prototype1 -useHub -hubIPC -cloudEnvironment production -licensingIpc LicenseClient-won31080 -hubSessionId 4b5793f4-9a27-42d7-81c0-7aefd9340579 -accessToken HQCNycr8mQIfnJheFXVRlPw3oisesxUDyH256adPTWs00df","communication_protocol_version":"1.5.0","com.unity.ml-agents_version":"2.0.1","scene_name":"ThiefLearnScene","end_time_seconds":"1711456830"}}