{
    "name": "root",
    "gauges": {
        "CheeseWorld2.Policy.Entropy.mean": {
            "value": 1.849014401435852,
            "min": 1.818055272102356,
            "max": 4.603045463562012,
            "count": 100
        },
        "CheeseWorld2.Policy.Entropy.sum": {
            "value": 3722.06591796875,
            "min": 3600.25537109375,
            "max": 9334.9765625,
            "count": 100
        },
        "CheeseWorld2.Environment.EpisodeLength.mean": {
            "value": 12.841379310344827,
            "min": 12.585034013605442,
            "max": 15.891666666666667,
            "count": 100
        },
        "CheeseWorld2.Environment.EpisodeLength.sum": {
            "value": 1862.0,
            "min": 1843.0,
            "max": 1907.0,
            "count": 100
        },
        "CheeseWorld2.Step.mean": {
            "value": 199992.0,
            "min": 1993.0,
            "max": 199992.0,
            "count": 100
        },
        "CheeseWorld2.Step.sum": {
            "value": 199992.0,
            "min": 1993.0,
            "max": 199992.0,
            "count": 100
        },
        "CheeseWorld2.Policy.ExtrinsicValueEstimate.mean": {
            "value": 2.416572332382202,
            "min": -9.052535057067871,
            "max": 2.4720144271850586,
            "count": 100
        },
        "CheeseWorld2.Policy.ExtrinsicValueEstimate.sum": {
            "value": 350.4029846191406,
            "min": -1077.251708984375,
            "max": 360.91412353515625,
            "count": 100
        },
        "CheeseWorld2.Environment.CumulativeReward.mean": {
            "value": -4.440345234706484,
            "min": -21.16610181129585,
            "max": -4.034354122317567,
            "count": 100
        },
        "CheeseWorld2.Environment.CumulativeReward.sum": {
            "value": -643.8500590324402,
            "min": -2497.60001373291,
            "max": -593.0500559806824,
            "count": 100
        },
        "CheeseWorld2.Policy.ExtrinsicReward.mean": {
            "value": -4.440345234706484,
            "min": -21.16610181129585,
            "max": -4.034354122317567,
            "count": 100
        },
        "CheeseWorld2.Policy.ExtrinsicReward.sum": {
            "value": -643.8500590324402,
            "min": -2497.60001373291,
            "max": -593.0500559806824,
            "count": 100
        },
        "CheeseWorld2.IsTraining.mean": {
            "value": 1.0,
            "min": 1.0,
            "max": 1.0,
            "count": 100
        },
        "CheeseWorld2.IsTraining.sum": {
            "value": 1.0,
            "min": 1.0,
            "max": 1.0,
            "count": 100
        },
        "CheeseWorld2.Losses.PolicyLoss.mean": {
            "value": 0.06214575884708514,
            "min": 0.044499637985912464,
            "max": 0.0856938073799635,
            "count": 97
        },
        "CheeseWorld2.Losses.PolicyLoss.sum": {
            "value": 0.06214575884708514,
            "min": 0.044499637985912464,
            "max": 0.0856938073799635,
            "count": 97
        },
        "CheeseWorld2.Losses.ValueLoss.mean": {
            "value": 1.335805417348941,
            "min": 0.9239342411359152,
            "max": 46.27535339196523,
            "count": 97
        },
        "CheeseWorld2.Losses.ValueLoss.sum": {
            "value": 1.335805417348941,
            "min": 0.9239342411359152,
            "max": 46.27535339196523,
            "count": 97
        },
        "CheeseWorld2.Policy.LearningRate.mean": {
            "value": 6.960997679999966e-07,
            "min": 6.960997679999966e-07,
            "max": 0.00029688300103899995,
            "count": 97
        },
        "CheeseWorld2.Policy.LearningRate.sum": {
            "value": 6.960997679999966e-07,
            "min": 6.960997679999966e-07,
            "max": 0.00029688300103899995,
            "count": 97
        },
        "CheeseWorld2.Policy.Epsilon.mean": {
            "value": 0.100232,
            "min": 0.100232,
            "max": 0.19896099999999997,
            "count": 97
        },
        "CheeseWorld2.Policy.Epsilon.sum": {
            "value": 0.100232,
            "min": 0.100232,
            "max": 0.19896099999999997,
            "count": 97
        },
        "CheeseWorld2.Policy.Beta.mean": {
            "value": 3.317679999999989e-05,
            "min": 3.317679999999989e-05,
            "max": 0.009896203899999999,
            "count": 97
        },
        "CheeseWorld2.Policy.Beta.sum": {
            "value": 3.317679999999989e-05,
            "min": 3.317679999999989e-05,
            "max": 0.009896203899999999,
            "count": 97
        }
    },
    "metadata": {
        "timer_format_version": "0.1.0",
        "start_time_seconds": "1711204152",
        "python_version": "3.8.18 (default, Sep 11 2023, 13:39:12) [MSC v.1916 64 bit (AMD64)]",
        "command_line_arguments": "D:\\Application\\Miniconda\\envs\\ml-agents\\Scripts\\mlagents-learn ./config1.yaml --run-id=CheeseWorld2",
        "mlagents_version": "0.27.0",
        "mlagents_envs_version": "0.27.0",
        "communication_protocol_version": "1.5.0",
        "pytorch_version": "2.0.0+cu117",
        "numpy_version": "1.20.0",
        "end_time_seconds": "1711204916"
    },
    "total": 763.3117532,
    "count": 1,
    "self": 0.008295400000065456,
    "children": {
        "run_training.setup": {
            "total": 0.22854129999999984,
            "count": 1,
            "self": 0.22854129999999984
        },
        "TrainerController.start_learning": {
            "total": 763.0749165,
            "count": 1,
            "self": 2.942413800006193,
            "children": {
                "TrainerController._reset_env": {
                    "total": 8.2209954,
                    "count": 1,
                    "self": 8.2209954
                },
                "TrainerController.advance": {
                    "total": 751.7967871999938,
                    "count": 148344,
                    "self": 2.8310891999834666,
                    "children": {
                        "env_step": {
                            "total": 660.0890793999992,
                            "count": 148344,
                            "self": 474.3969706999893,
                            "children": {
                                "SubprocessEnvManager._take_step": {
                                    "total": 183.80559410001837,
                                    "count": 148344,
                                    "self": 6.323539299997009,
                                    "children": {
                                        "TorchPolicy.evaluate": {
                                            "total": 177.48205480002136,
                                            "count": 143123,
                                            "self": 38.43743810000785,
                                            "children": {
                                                "TorchPolicy.sample_actions": {
                                                    "total": 139.0446167000135,
                                                    "count": 143123,
                                                    "self": 139.0446167000135
                                                }
                                            }
                                        }
                                    }
                                },
                                "workers": {
                                    "total": 1.8865145999914592,
                                    "count": 148344,
                                    "self": 0.0,
                                    "children": {
                                        "worker_root": {
                                            "total": 751.7755297000106,
                                            "count": 148344,